[
  {
    "model": "user.user",
    "pk": 1,
    "fields": {
      "email": "admin@example.com",
      "password": "pbkdf2_sha256$260000$test$admin12345hash",
      "is_superuser": true,
      "is_staff": true,
      "is_active": true
    }
  },
  {
    "model": "user.user",
    "pk": 2,
    "fields": {
      "email": "user@example.com",
      "password": "pbkdf2_sha256$260000$test$user12345hash",
      "is_superuser": false,
      "is_staff": false,
      "is_active": true
    }
  },
  {
    "model": "station.station",
    "pk": 1,
    "fields": {
      "name": "Київ",
      "latitude": 50.4501,
      "longitude": 30.5234
    }
  },
  {
    "model": "station.station",
    "pk": 2,
    "fields": {
      "name": "Львів",
      "latitude": 49.8397,
      "longitude": 24.0297
    }
  },
  {
    "model": "station.station",
    "pk": 3,
    "fields": {
      "name": "Харків",
      "latitude": 49.9935,
      "longitude": 36.2304
    }
  },
  {
    "model": "station.station",
    "pk": 4,
    "fields": {
      "name": "Одеса",
      "latitude": 46.4825,
      "longitude": 30.7233
    }
  },
  {
    "model": "station.station",
    "pk": 5,
    "fields": {
      "name": "Дніпро",
      "latitude": 48.4647,
      "longitude": 35.0462
    }
  },
  {
    "model": "station.station",
    "pk": 6,
    "fields": {
      "name": "Запоріжжя",
      "latitude": 47.8388,
      "longitude": 35.1396
    }
  },
  {
    "model": "station.station",
    "pk": 7,
    "fields": {
      "name": "Івано-Франківськ",
      "latitude": 48.9226,
      "longitude": 24.7111
    }
  },
  {
    "model": "station.station",
    "pk": 8,
    "fields": {
      "name": "Тернопіль",
      "latitude": 49.5535,
      "longitude": 25.5948
    }
  },
  {
    "model": "station.station",
    "pk": 9,
    "fields": {
      "name": "Чернігів",
      "latitude": 51.4982,
      "longitude": 31.2893
    }
  },
  {
    "model": "station.station",
    "pk": 10,
    "fields": {
      "name": "Суми",
      "latitude": 50.9077,
      "longitude": 34.7981
    }
  },
  {
    "model": "station.station",
    "pk": 11,
    "fields": {
      "name": "Полтава",
      "latitude": 49.5883,
      "longitude": 34.5514
    }
  },
  {
    "model": "station.station",
    "pk": 12,
    "fields": {
      "name": "Ужгород",
      "latitude": 48.6208,
      "longitude": 22.2879
    }
  },
  {
    "model": "station.station",
    "pk": 13,
    "fields": {
      "name": "Чернівці",
      "latitude": 48.2915,
      "longitude": 25.9403
    }
  },
  {
    "model": "station.station",
    "pk": 14,
    "fields": {
      "name": "Вінниця",
      "latitude": 49.2331,
      "longitude": 28.4682
    }
  },
  {
    "model": "station.station",
    "pk": 15,
    "fields": {
      "name": "Миколаїв",
      "latitude": 46.975,
      "longitude": 31.9946
    }
  },
  {
    "model": "station.route",
    "pk": 1,
    "fields": {
      "source": 14,
      "destination": 10,
      "distance": 458
    }
  },
  {
    "model": "station.route",
    "pk": 2,
    "fields": {
      "source": 5,
      "destination": 11,
      "distance": 649
    }
  },
  {
    "model": "station.route",
    "pk": 3,
    "fields": {
      "source": 4,
      "destination": 8,
      "distance": 131
    }
  },
  {
    "model": "station.route",
    "pk": 4,
    "fields": {
      "source": 8,
      "destination": 10,
      "distance": 294
    }
  },
  {
    "model": "station.route",
    "pk": 5,
    "fields": {
      "source": 7,
      "destination": 15,
      "distance": 395
    }
  },
  {
    "model": "station.route",
    "pk": 6,
    "fields": {
      "source": 3,
      "destination": 6,
      "distance": 266
    }
  },
  {
    "model": "station.route",
    "pk": 7,
    "fields": {
      "source": 15,
      "destination": 5,
      "distance": 731
    }
  },
  {
    "model": "station.route",
    "pk": 8,
    "fields": {
      "source": 8,
      "destination": 12,
      "distance": 684
    }
  },
  {
    "model": "station.route",
    "pk": 9,
    "fields": {
      "source": 12,
      "destination": 7,
      "distance": 566
    }
  },
  {
    "model": "station.route",
    "pk": 10,
    "fields": {
      "source": 9,
      "destination": 11,
      "distance": 269
    }
  },
  {
    "model": "station.route",
    "pk": 11,
    "fields": {
      "source": 1,
      "destination": 11,
      "distance": 175
    }
  },
  {
    "model": "station.route",
    "pk": 12,
    "fields": {
      "source": 6,
      "destination": 10,
      "distance": 687
    }
  },
  {
    "model": "station.route",
    "pk": 13,
    "fields": {
      "source": 7,
      "destination": 15,
      "distance": 422
    }
  },
  {
    "model": "station.route",
    "pk": 14,
    "fields": {
      "source": 1,
      "destination": 3,
      "distance": 103
    }
  },
  {
    "model": "station.route",
    "pk": 15,
    "fields": {
      "source": 13,
      "destination": 9,
      "distance": 328
    }
  },
  {
    "model": "station.traintype",
    "pk": 1,
    "fields": {
      "name": "Пасажирський"
    }
  },
  {
    "model": "station.train",
    "pk": 1,
    "fields": {
      "name": "Потяг 1",
      "cargo_num": 5,
      "places_in_cargo": 20,
      "train_type": 1
    }
  },
  {
    "model": "station.train",
    "pk": 2,
    "fields": {
      "name": "Потяг 2",
      "cargo_num": 5,
      "places_in_cargo": 20,
      "train_type": 1
    }
  },
  {
    "model": "station.train",
    "pk": 3,
    "fields": {
      "name": "Потяг 3",
      "cargo_num": 5,
      "places_in_cargo": 20,
      "train_type": 1
    }
  },
  {
    "model": "station.train",
    "pk": 4,
    "fields": {
      "name": "Потяг 4",
      "cargo_num": 5,
      "places_in_cargo": 20,
      "train_type": 1
    }
  },
  {
    "model": "station.train",
    "pk": 5,
    "fields": {
      "name": "Потяг 5",
      "cargo_num": 5,
      "places_in_cargo": 20,
      "train_type": 1
    }
  },
  {
    "model": "station.crew",
    "pk": 1,
    "fields": {
      "first_name": "Іван",
      "last_name": "Петренко"
    }
  },
  {
    "model": "station.crew",
    "pk": 2,
    "fields": {
      "first_name": "Олена",
      "last_name": "Ковальчук"
    }
  },
  {
    "model": "station.journey",
    "pk": 1,
    "fields": {
      "route": 4,
      "train": 2,
      "departure_time": "2025-06-29T06:42:17.888687",
      "arrival_time": "2025-06-29T10:42:17.888687",
      "crew": [
        1,
        2
      ]
    }
  },
  {
    "model": "station.journey",
    "pk": 2,
    "fields": {
      "route": 10,
      "train": 3,
      "departure_time": "2025-06-30T06:42:17.888715",
      "arrival_time": "2025-06-30T11:42:17.888715",
      "crew": [
        1,
        2
      ]
    }
  },
  {
    "model": "station.journey",
    "pk": 3,
    "fields": {
      "route": 9,
      "train": 3,
      "departure_time": "2025-07-01T06:42:17.888727",
      "arrival_time": "2025-07-01T13:42:17.888727",
      "crew": [
        1,
        2
      ]
    }
  },
  {
    "model": "station.journey",
    "pk": 4,
    "fields": {
      "route": 2,
      "train": 1,
      "departure_time": "2025-07-02T06:42:17.888739",
      "arrival_time": "2025-07-02T10:42:17.888739",
      "crew": [
        1,
        2
      ]
    }
  },
  {
    "model": "station.journey",
    "pk": 5,
    "fields": {
      "route": 9,
      "train": 2,
      "departure_time": "2025-07-03T06:42:17.888751",
      "arrival_time": "2025-07-03T13:42:17.888751",
      "crew": [
        1,
        2
      ]
    }
  },
  {
    "model": "station.journey",
    "pk": 6,
    "fields": {
      "route": 2,
      "train": 4,
      "departure_time": "2025-07-04T06:42:17.888761",
      "arrival_time": "2025-07-04T11:42:17.888761",
      "crew": [
        1,
        2
      ]
    }
  },
  {
    "model": "station.journey",
    "pk": 7,
    "fields": {
      "route": 3,
      "train": 5,
      "departure_time": "2025-07-05T06:42:17.888769",
      "arrival_time": "2025-07-05T09:42:17.888769",
      "crew": [
        1,
        2
      ]
    }
  },
  {
    "model": "station.journey",
    "pk": 8,
    "fields": {
      "route": 10,
      "train": 3,
      "departure_time": "2025-07-06T06:42:17.888779",
      "arrival_time": "2025-07-06T09:42:17.888779",
      "crew": [
        1,
        2
      ]
    }
  },
  {
    "model": "station.journey",
    "pk": 9,
    "fields": {
      "route": 5,
      "train": 1,
      "departure_time": "2025-07-07T06:42:17.888788",
      "arrival_time": "2025-07-07T12:42:17.888788",
      "crew": [
        1,
        2
      ]
    }
  },
  {
    "model": "station.journey",
    "pk": 10,
    "fields": {
      "route": 13,
      "train": 5,
      "departure_time": "2025-07-08T06:42:17.888795",
      "arrival_time": "2025-07-08T10:42:17.888795",
      "crew": [
        1,
        2
      ]
    }
  },
  {
    "model": "station.order",
    "pk": 1,
    "fields": {
      "user": 2,
      "created_at": "2025-06-28T06:42:17.889045"
    }
  },
  {
    "model": "station.ticket",
    "pk": 1,
    "fields": {
      "cargo": 1,
      "seat": 18,
      "journey": 7,
      "order": 1
    }
  },
  {
    "model": "station.ticket",
    "pk": 2,
    "fields": {
      "cargo": 4,
      "seat": 9,
      "journey": 7,
      "order": 1
    }
  },
  {
    "model": "station.order",
    "pk": 2,
    "fields": {
      "user": 2,
      "created_at": "2025-06-28T06:42:17.889062"
    }
  },
  {
    "model": "station.ticket",
    "pk": 3,
    "fields": {
      "cargo": 5,
      "seat": 14,
      "journey": 10,
      "order": 2
    }
  },
  {
    "model": "station.ticket",
    "pk": 4,
    "fields": {
      "cargo": 4,
      "seat": 6,
      "journey": 10,
      "order": 2
    }
  },
  {
    "model": "station.order",
    "pk": 3,
    "fields": {
      "user": 2,
      "created_at": "2025-06-28T06:42:17.889071"
    }
  },
  {
    "model": "station.ticket",
    "pk": 5,
    "fields": {
      "cargo": 2,
      "seat": 19,
      "journey": 4,
      "order": 3
    }
  },
  {
    "model": "station.ticket",
    "pk": 6,
    "fields": {
      "cargo": 2,
      "seat": 11,
      "journey": 4,
      "order": 3
    }
  },
  {
    "model": "station.order",
    "pk": 4,
    "fields": {
      "user": 2,
      "created_at": "2025-06-28T06:42:17.889085"
    }
  },
  {
    "model": "station.ticket",
    "pk": 7,
    "fields": {
      "cargo": 1,
      "seat": 15,
      "journey": 1,
      "order": 4
    }
  },
  {
    "model": "station.ticket",
    "pk": 8,
    "fields": {
      "cargo": 1,
      "seat": 17,
      "journey": 1,
      "order": 4
    }
  },
  {
    "model": "station.order",
    "pk": 5,
    "fields": {
      "user": 2,
      "created_at": "2025-06-28T06:42:17.889098"
    }
  },
  {
    "model": "station.ticket",
    "pk": 9,
    "fields": {
      "cargo": 1,
      "seat": 14,
      "journey": 5,
      "order": 5
    }
  },
  {
    "model": "station.ticket",
    "pk": 10,
    "fields": {
      "cargo": 1,
      "seat": 1,
      "journey": 5,
      "order": 5
    }
  },
  {
    "model": "station.order",
    "pk": 6,
    "fields": {
      "user": 2,
      "created_at": "2025-06-28T06:42:17.889112"
    }
  },
  {
    "model": "station.ticket",
    "pk": 11,
    "fields": {
      "cargo": 4,
      "seat": 8,
      "journey": 10,
      "order": 6
    }
  },
  {
    "model": "station.ticket",
    "pk": 12,
    "fields": {
      "cargo": 5,
      "seat": 9,
      "journey": 10,
      "order": 6
    }
  },
  {
    "model": "station.order",
    "pk": 7,
    "fields": {
      "user": 2,
      "created_at": "2025-06-28T06:42:17.889119"
    }
  },
  {
    "model": "station.ticket",
    "pk": 13,
    "fields": {
      "cargo": 1,
      "seat": 13,
      "journey": 4,
      "order": 7
    }
  },
  {
    "model": "station.ticket",
    "pk": 14,
    "fields": {
      "cargo": 4,
      "seat": 4,
      "journey": 4,
      "order": 7
    }
  },
  {
    "model": "station.order",
    "pk": 8,
    "fields": {
      "user": 2,
      "created_at": "2025-06-28T06:42:17.889127"
    }
  },
  {
    "model": "station.ticket",
    "pk": 15,
    "fields": {
      "cargo": 3,
      "seat": 10,
      "journey": 3,
      "order": 8
    }
  },
  {
    "model": "station.ticket",
    "pk": 16,
    "fields": {
      "cargo": 1,
      "seat": 14,
      "journey": 3,
      "order": 8
    }
  },
  {
    "model": "station.order",
    "pk": 9,
    "fields": {
      "user": 2,
      "created_at": "2025-06-28T06:42:17.889134"
    }
  },
  {
    "model": "station.ticket",
    "pk": 17,
    "fields": {
      "cargo": 2,
      "seat": 6,
      "journey": 7,
      "order": 9
    }
  },
  {
    "model": "station.ticket",
    "pk": 18,
    "fields": {
      "cargo": 3,
      "seat": 6,
      "journey": 7,
      "order": 9
    }
  },
  {
    "model": "station.order",
    "pk": 10,
    "fields": {
      "user": 2,
      "created_at": "2025-06-28T06:42:17.889141"
    }
  },
  {
    "model": "station.ticket",
    "pk": 19,
    "fields": {
      "cargo": 4,
      "seat": 2,
      "journey": 1,
      "order": 10
    }
  },
  {
    "model": "station.ticket",
    "pk": 20,
    "fields": {
      "cargo": 1,
      "seat": 7,
      "journey": 1,
      "order": 10
    }
  }
]