[
  {
    "model": "user.User",
    "pk": 1,
    "fields": {
      "username": "admin",
      "is_staff": true,
      "is_superuser": true,
      "is_active": true,
      "password": "pbkdf2_sha256$260000$sample$41e5653fc7aeb894026d6bb7b2db7f65"
    }
  },
  {
    "model": "user.User",
    "pk": 2,
    "fields": {
      "username": "client",
      "is_staff": false,
      "is_superuser": false,
      "is_active": true,
      "password": "pbkdf2_sha256$260000$sample$dd7a0efe793ff761651a97f81d0c83ad"
    }
  },
  {
    "model": "station.Station",
    "pk": 1,
    "fields": {
      "name": "Station 1",
      "latitude": 51.0,
      "longitude": 31.0,
      "id": 1
    }
  },
  {
    "model": "station.Station",
    "pk": 2,
    "fields": {
      "name": "Station 2",
      "latitude": 52.0,
      "longitude": 32.0,
      "id": 2
    }
  },
  {
    "model": "station.Station",
    "pk": 3,
    "fields": {
      "name": "Station 3",
      "latitude": 53.0,
      "longitude": 33.0,
      "id": 3
    }
  },
  {
    "model": "station.Station",
    "pk": 4,
    "fields": {
      "name": "Station 4",
      "latitude": 54.0,
      "longitude": 34.0,
      "id": 4
    }
  },
  {
    "model": "station.Station",
    "pk": 5,
    "fields": {
      "name": "Station 5",
      "latitude": 55.0,
      "longitude": 35.0,
      "id": 5
    }
  },
  {
    "model": "station.Route",
    "pk": 1,
    "fields": {
      "source": 1,
      "destination": 2,
      "distance": 120,
      "id": 1
    }
  },
  {
    "model": "station.Route",
    "pk": 2,
    "fields": {
      "source": 2,
      "destination": 3,
      "distance": 140,
      "id": 2
    }
  },
  {
    "model": "station.Route",
    "pk": 3,
    "fields": {
      "source": 3,
      "destination": 4,
      "distance": 160,
      "id": 3
    }
  },
  {
    "model": "station.Route",
    "pk": 4,
    "fields": {
      "source": 4,
      "destination": 5,
      "distance": 180,
      "id": 4
    }
  },
  {
    "model": "station.Route",
    "pk": 5,
    "fields": {
      "source": 5,
      "destination": 1,
      "distance": 200,
      "id": 5
    }
  },
  {
    "model": "station.TrainType",
    "pk": 1,
    "fields": {
      "name": "Passenger",
      "id": 1
    }
  },
  {
    "model": "station.TrainType",
    "pk": 2,
    "fields": {
      "name": "Freight",
      "id": 2
    }
  },
  {
    "model": "station.Train",
    "pk": 1,
    "fields": {
      "name": "Train 1",
      "cargo_num": 5,
      "places_in_cargo": 20,
      "train_type": 2,
      "id": 1
    }
  },
  {
    "model": "station.Train",
    "pk": 2,
    "fields": {
      "name": "Train 2",
      "cargo_num": 5,
      "places_in_cargo": 20,
      "train_type": 1,
      "id": 2
    }
  },
  {
    "model": "station.Train",
    "pk": 3,
    "fields": {
      "name": "Train 3",
      "cargo_num": 5,
      "places_in_cargo": 20,
      "train_type": 2,
      "id": 3
    }
  },
  {
    "model": "station.Train",
    "pk": 4,
    "fields": {
      "name": "Train 4",
      "cargo_num": 5,
      "places_in_cargo": 20,
      "train_type": 1,
      "id": 4
    }
  },
  {
    "model": "station.Train",
    "pk": 5,
    "fields": {
      "name": "Train 5",
      "cargo_num": 5,
      "places_in_cargo": 20,
      "train_type": 2,
      "id": 5
    }
  },
  {
    "model": "station.Train",
    "pk": 6,
    "fields": {
      "name": "Train 6",
      "cargo_num": 5,
      "places_in_cargo": 20,
      "train_type": 1,
      "id": 6
    }
  },
  {
    "model": "station.Train",
    "pk": 7,
    "fields": {
      "name": "Train 7",
      "cargo_num": 5,
      "places_in_cargo": 20,
      "train_type": 2,
      "id": 7
    }
  },
  {
    "model": "station.Train",
    "pk": 8,
    "fields": {
      "name": "Train 8",
      "cargo_num": 5,
      "places_in_cargo": 20,
      "train_type": 1,
      "id": 8
    }
  },
  {
    "model": "station.Train",
    "pk": 9,
    "fields": {
      "name": "Train 9",
      "cargo_num": 5,
      "places_in_cargo": 20,
      "train_type": 2,
      "id": 9
    }
  },
  {
    "model": "station.Train",
    "pk": 10,
    "fields": {
      "name": "Train 10",
      "cargo_num": 5,
      "places_in_cargo": 20,
      "train_type": 1,
      "id": 10
    }
  },
  {
    "model": "station.Crew",
    "pk": 1,
    "fields": {
      "first_name": "John",
      "last_name": "Doe",
      "id": 1
    }
  },
  {
    "model": "station.Crew",
    "pk": 2,
    "fields": {
      "first_name": "Jane",
      "last_name": "Smith",
      "id": 2
    }
  },
  {
    "model": "station.Crew",
    "pk": 3,
    "fields": {
      "first_name": "Alice",
      "last_name": "Johnson",
      "id": 3
    }
  },
  {
    "model": "station.Crew",
    "pk": 4,
    "fields": {
      "first_name": "Bob",
      "last_name": "Williams",
      "id": 4
    }
  },
  {
    "model": "station.Journey",
    "pk": 1,
    "fields": {
      "route": 2,
      "train": 1,
      "departure_time": "2025-06-28T07:12:25.213876",
      "arrival_time": "2025-06-28T10:12:25.213876",
      "crew": [
        2,
        3
      ],
      "id": 1
    }
  },
  {
    "model": "station.Journey",
    "pk": 2,
    "fields": {
      "route": 3,
      "train": 2,
      "departure_time": "2025-06-29T07:12:25.213876",
      "arrival_time": "2025-06-29T09:12:25.213876",
      "crew": [
        3,
        4
      ],
      "id": 2
    }
  },
  {
    "model": "station.Journey",
    "pk": 3,
    "fields": {
      "route": 4,
      "train": 3,
      "departure_time": "2025-06-30T07:12:25.213876",
      "arrival_time": "2025-06-30T10:12:25.213876",
      "crew": [
        4,
        2
      ],
      "id": 3
    }
  },
  {
    "model": "station.Journey",
    "pk": 4,
    "fields": {
      "route": 5,
      "train": 4,
      "departure_time": "2025-07-01T07:12:25.213876",
      "arrival_time": "2025-07-01T12:12:25.213876",
      "crew": [
        1,
        3
      ],
      "id": 4
    }
  },
  {
    "model": "station.Journey",
    "pk": 5,
    "fields": {
      "route": 1,
      "train": 5,
      "departure_time": "2025-07-02T07:12:25.213876",
      "arrival_time": "2025-07-02T10:12:25.213876",
      "crew": [
        2,
        4
      ],
      "id": 5
    }
  },
  {
    "model": "station.Journey",
    "pk": 6,
    "fields": {
      "route": 2,
      "train": 6,
      "departure_time": "2025-07-03T07:12:25.213876",
      "arrival_time": "2025-07-03T12:12:25.213876",
      "crew": [
        3,
        2
      ],
      "id": 6
    }
  },
  {
    "model": "station.Journey",
    "pk": 7,
    "fields": {
      "route": 3,
      "train": 7,
      "departure_time": "2025-07-04T07:12:25.213876",
      "arrival_time": "2025-07-04T11:12:25.213876",
      "crew": [
        4,
        3
      ],
      "id": 7
    }
  },
  {
    "model": "station.Journey",
    "pk": 8,
    "fields": {
      "route": 4,
      "train": 8,
      "departure_time": "2025-07-05T07:12:25.213876",
      "arrival_time": "2025-07-05T10:12:25.213876",
      "crew": [
        1,
        4
      ],
      "id": 8
    }
  },
  {
    "model": "station.Journey",
    "pk": 9,
    "fields": {
      "route": 5,
      "train": 9,
      "departure_time": "2025-07-06T07:12:25.213876",
      "arrival_time": "2025-07-06T11:12:25.213876",
      "crew": [
        2,
        2
      ],
      "id": 9
    }
  },
  {
    "model": "station.Journey",
    "pk": 10,
    "fields": {
      "route": 1,
      "train": 10,
      "departure_time": "2025-07-07T07:12:25.213876",
      "arrival_time": "2025-07-07T10:12:25.213876",
      "crew": [
        3,
        3
      ],
      "id": 10
    }
  },
  {
    "model": "station.Order",
    "pk": 1,
    "fields": {
      "created_at": "2025-06-28T07:12:25.213876",
      "user": 2,
      "id": 1
    }
  },
  {
    "model": "station.Order",
    "pk": 2,
    "fields": {
      "created_at": "2025-06-29T07:12:25.213876",
      "user": 2,
      "id": 2
    }
  },
  {
    "model": "station.Order",
    "pk": 3,
    "fields": {
      "created_at": "2025-06-30T07:12:25.213876",
      "user": 2,
      "id": 3
    }
  },
  {
    "model": "station.Order",
    "pk": 4,
    "fields": {
      "created_at": "2025-07-01T07:12:25.213876",
      "user": 2,
      "id": 4
    }
  },
  {
    "model": "station.Order",
    "pk": 5,
    "fields": {
      "created_at": "2025-07-02T07:12:25.213876",
      "user": 2,
      "id": 5
    }
  },
  {
    "model": "station.Ticket",
    "pk": 1,
    "fields": {
      "cargo": 1,
      "seat": 7,
      "journey": 1,
      "order": 1,
      "id": 1
    }
  },
  {
    "model": "station.Ticket",
    "pk": 2,
    "fields": {
      "cargo": 2,
      "seat": 8,
      "journey": 1,
      "order": 1,
      "id": 2
    }
  },
  {
    "model": "station.Ticket",
    "pk": 3,
    "fields": {
      "cargo": 1,
      "seat": 9,
      "journey": 2,
      "order": 2,
      "id": 3
    }
  },
  {
    "model": "station.Ticket",
    "pk": 4,
    "fields": {
      "cargo": 2,
      "seat": 15,
      "journey": 2,
      "order": 2,
      "id": 4
    }
  },
  {
    "model": "station.Ticket",
    "pk": 5,
    "fields": {
      "cargo": 1,
      "seat": 7,
      "journey": 3,
      "order": 3,
      "id": 5
    }
  },
  {
    "model": "station.Ticket",
    "pk": 6,
    "fields": {
      "cargo": 2,
      "seat": 3,
      "journey": 3,
      "order": 3,
      "id": 6
    }
  },
  {
    "model": "station.Ticket",
    "pk": 7,
    "fields": {
      "cargo": 1,
      "seat": 1,
      "journey": 4,
      "order": 4,
      "id": 7
    }
  },
  {
    "model": "station.Ticket",
    "pk": 8,
    "fields": {
      "cargo": 2,
      "seat": 14,
      "journey": 4,
      "order": 4,
      "id": 8
    }
  },
  {
    "model": "station.Ticket",
    "pk": 9,
    "fields": {
      "cargo": 1,
      "seat": 1,
      "journey": 5,
      "order": 5,
      "id": 9
    }
  },
  {
    "model": "station.Ticket",
    "pk": 10,
    "fields": {
      "cargo": 2,
      "seat": 12,
      "journey": 5,
      "order": 5,
      "id": 10
    }
  }
]